{
  "2p-easy": {
    "DISCARD_WILD_PENALTY": -1247.7529175458412,
    "FEED_ENEMY_MELD": 4886.879546054567,
    "DISCARD_SINGLE_BONUS": -115.35880617917044,
    "MELD_AGGRESSION": 1.033565959274522,
    "PICKUP_THRESHOLD": 2,
    "MELD_IF_WINNING_BONUS": 0.026267491712870517,
    "MELD_IF_LOSING_BONUS": -0.0201585408828501,
    "BREAK_PAIR_PENALTY": 166.16032682413874,
    "DISCARD_JUNK_BONUS": -228.62425877988335
  },
  "2p-standard": {
    "DISCARD_WILD_PENALTY": -3045.800649280365,
    "FEED_ENEMY_MELD": -1729.714893666993,
    "DISCARD_SINGLE_BONUS": -82,
    "MELD_AGGRESSION": 1.0084887461402399,
    "PICKUP_THRESHOLD": 2,
    "MELD_IF_WINNING_BONUS": -0.018440525142966624,
    "MELD_IF_LOSING_BONUS": -0.004768600431372283,
    "DISCARD_JUNK_BONUS": 9.477918813241985,
    "BREAK_PAIR_PENALTY": 330.6750523149174
  },
  "4p-easy": {
    "DISCARD_WILD_PENALTY": -1156.7707453699852,
    "FEED_ENEMY_MELD": 5318.746043366232,
    "DISCARD_SINGLE_BONUS": 50,
    "MELD_AGGRESSION": 0.40343747661293805,
    "PICKUP_THRESHOLD": 1,
    "MELD_IF_WINNING_BONUS": 0,
    "MELD_IF_LOSING_BONUS": 0,
    "BREAK_PAIR_PENALTY": 50,
    "DISCARD_JUNK_BONUS": 20,
    "DISCARD_RED3_PENALTY": 1000,
    "GO_OUT_THRESHOLD": 1788.1758518616393
  },
  "4p-standard": {
    "DISCARD_WILD_PENALTY": -5231.582975462062,
    "FEED_ENEMY_MELD": -1501.0862360643425,
    "DISCARD_SINGLE_BONUS": -93,
    "MELD_AGGRESSION": 1.6479270813265963,
    "PICKUP_THRESHOLD": 2,
    "MELD_IF_WINNING_BONUS": 0.05,
    "MELD_IF_LOSING_BONUS": -0.19,
    "BREAK_PAIR_PENALTY": 200,
    "DISCARD_JUNK_BONUS": 10,
    "DISCARD_RED3_PENALTY": 4500,
    "GO_OUT_THRESHOLD": 1212.9807649785666
  }
}