{
  "2p-easy": {
    "DISCARD_WILD_PENALTY": 1720.4730790548253,
    "FEED_ENEMY_MELD": 9553.340979685696,
    "DISCARD_SINGLE_BONUS": -133,
    "MELD_AGGRESSION": 1.1783283571560297,
    "PICKUP_THRESHOLD": 2,
    "MELD_IF_WINNING_BONUS": -0.17952192254631358,
    "MELD_IF_LOSING_BONUS": 0.0665590788669762,
    "PICKUP_PATIENCE": 5.220111817141744,
    "BREAK_PAIR_PENALTY": null,
    "BAIT_AGGRESSION": 2.3314179769881633
  },
  "2p-standard": {
    "DISCARD_WILD_PENALTY": 2328.7567513135496,
    "FEED_ENEMY_MELD": -12165.02176050939,
    "DISCARD_SINGLE_BONUS": -140,
    "MELD_AGGRESSION": 1.592797517427671,
    "PICKUP_THRESHOLD": 2,
    "MELD_IF_WINNING_BONUS": 0.18632680367402854,
    "MELD_IF_LOSING_BONUS": 0.088287972889946,
    "PICKUP_PATIENCE": 2,
    "BREAK_PAIR_PENALTY": null,
    "BAIT_AGGRESSION": 345.7371375887002
  },
  "4p-easy": {
    "DISCARD_WILD_PENALTY": 4119.21239860438,
    "FEED_ENEMY_MELD": 1222.6649710435477,
    "DISCARD_SINGLE_BONUS": 50,
    "MELD_AGGRESSION": 0.29014829235602774,
    "PICKUP_THRESHOLD": 1,
    "MELD_IF_WINNING_BONUS": 0,
    "MELD_IF_LOSING_BONUS": 0,
    "BREAK_PAIR_PENALTY": -93.92007940326621,
    "DISCARD_JUNK_BONUS": 20,
    "DISCARD_RED3_PENALTY": 1000,
    "GO_OUT_THRESHOLD": 1287.1723447893871,
    "PICKUP_PATIENCE": 3.9434886217067167,
    "BAIT_AGGRESSION": 499.987622401251
  },
  "4p-standard": {
    "DISCARD_WILD_PENALTY": 1615.7679065055154,
    "FEED_ENEMY_MELD": -319.79339289213783,
    "DISCARD_SINGLE_BONUS": -93,
    "MELD_AGGRESSION": 0.6817610274875855,
    "PICKUP_THRESHOLD": 2,
    "MELD_IF_WINNING_BONUS": 0.05,
    "MELD_IF_LOSING_BONUS": -0.19,
    "BREAK_PAIR_PENALTY": -933.0831100576994,
    "DISCARD_JUNK_BONUS": 10,
    "DISCARD_RED3_PENALTY": 4500,
    "GO_OUT_THRESHOLD": 643.8856571852517,
    "PICKUP_PATIENCE": 4.838384033818574,
    "BAIT_AGGRESSION": 153.10691611582342
  }
}